"gene_name","poison_exon","E_junc","case","stop_codon","range_tau","min_tau","range_psi1","cor_psi1_tau","cor_psi1_tau_pval","cor_psi1_tau_qval","PAS","PAS_source","pAread","polyASite","I2_split_reads"
"AAR2","chr20_36246201_36246278_+","chr20_36244926_36255578_+","I",36246203,0.153,0.847,0.006,-0.394,0.002,0.009,"36247769","TE,polyASite,pAread",166,0,NA
"ACAD10","chr12_111749011_111749103_+","chr12_111748475_111749173_+","III",111749039,0.178,0.822,0.194,-0.109,0.224,0.42,"111749132","TE",NA,NA,298
"ACOX3","chr4_8386680_8388372_-","chr4_8381607_8389173_-","III",8388308,0,1,0.018,NA,NA,NA,"8386520","TE",NA,NA,116
"ACOX3","chr4_8388177_8388372_-","chr4_8381607_8389173_-","III",8388308,0,1,0.018,NA,NA,NA,"8386520","TE",NA,NA,113
"ACSF3","chr16_89139918_89143971_+","chr16_89133262_89145214_+","III",89139943,0.191,0.809,0.036,-0.15,0.147,0.311,"89145207","TE",NA,NA,216
"ACSF3","chr16_89151792_89151897_+","chr16_89146049_89154090_+","III",89151846,0,1,0.011,NA,NA,NA,"89152758","TE",NA,NA,119
"ACSM2B","chr16_20544712_20544822_-","chr16_20543262_20545157_-","III",20544808,0,1,0.476,NA,NA,NA,"20544544","TE",NA,NA,7956
"ADGRA3","chr4_22397991_22398138_-","chr4_22392690_22401431_-","II",22398118,0.128,0.872,0.379,-0.335,0.009,0.034,"22397861","pAread",432,0,NA
"ADRA1A","chr8_26825988_26826172_-","chr8_26770666_26864087_-","I",26826102,0.393,0.535,0.004,-0.5,NA,NA,"26779053","TE,pAread",104,0,NA
"ADRA1A","chr8_26859032_26859205_-","chr8_26748748_26864087_-","I",26859114,0.169,0.196,0,NA,NA,NA,"26768807","TE,polyASite,pAread",1120,0.888,NA
"AKR1C2","chr10_5000271_5000460_-","chr10_4999277_5000550_-","III",5000410,0.162,0.838,0.003,0.151,0.853,1,"4999911","TE",NA,NA,247
"AKR1E2","chr10_4845778_4845896_+","chr10_4842504_4847148_+","II",4845819,0.321,0.436,0.258,-0.583,0.008,0.029,"4847113","polyASite,pAread",359,0.38,NA
"ALG9","chr11_111805094_111805315_-","chr11_111786520_111809643_-","II",111805276,0.04,0.96,0.078,0.077,0.704,1,"111805002","polyASite,pAread",944,0.243,NA
"AMBRA1","chr11_46430891_46431087_-","chr11_46418052_46433474_-","II",46430989,0.006,0.994,0.02,0.111,0.781,1,"46428576","polyASite,pAread",10985,0.158,NA
"ANKDD1A","chr15_64950954_64951233_+","chr15_64949972_64957103_+","II",64951015,0,1,0.486,NA,NA,NA,"64955087","pAread",256,0,NA
"ANKRD44","chr2_197069830_197069965_-","chr2_197025267_197078703_-","II",197069960,0.369,0.595,0.066,0.291,0.911,1,"197027852","pAread",88,0,NA
"ANKS1B","chr12_98745466_98745846_-","chr12_98735634_98751355_-","III",98745739,0.67,0.069,0.964,-0.443,0.023,0.07,"98743974","TE",NA,NA,296
"ANKS1B","chr12_98745466_98745849_-","chr12_98735634_98751355_-","III",98745739,0.67,0.069,0.905,-0.351,0.06,0.147,"98743974","TE",NA,NA,296
"ANKS1B","chr12_98745466_98745865_-","chr12_98735634_98751355_-","III",98745833,0.67,0.069,0.2,-0.815,0,0,"98743974","TE",NA,NA,296
"ANP32B","chr9_98007502_98007702_+","chr9_98005153_98011271_+","II",98007515,0.07,0.93,0.013,-0.05,0.364,0.626,"98007803","polyASite,pAread",274,0.121,NA
"AOAH","chr7_36525104_36528351_-","chr7_36522115_36530418_-","III",36528308,0.033,0.967,0.013,0.152,0.784,1,"36523630","TE",NA,NA,877
"APTX","chr9_32980066_32980460_-","chr9_32974561_32984631_-","II",32980373,0.151,0.849,0.009,-0.078,0.293,0.523,"32976496","polyASite,pAread",158,0.039,NA
"ARHGAP26","chr5_143216187_143216833_+","chr5_143214088_143222358_+","II",143216281,0.188,0.812,0.11,-0.068,0.321,0.564,"143217087","polyASite,pAread",312,0.501,NA
"ARID4B","chr1_235176748_235176903_-","chr1_235175399_235177800_-","II",235176890,0.202,0.798,0.088,0.117,0.793,1,"235176417","pAread",73,0,NA
"ARIH2","chr3_48933566_48934951_+","chr3_48927813_48944982_+","III",48933790,0.029,0.003,0.039,-0.244,0.044,0.121,"48937790","TE",NA,NA,124
"ARMC7","chr17_75114169_75114351_+","chr17_75110606_75128677_+","III",75114182,0.311,0.625,0.385,-0.585,0,0,"75114820","TE",NA,NA,446
"ARMC8","chr3_138272037_138272268_+","chr3_138270132_138272967_+","III",138272057,0.122,0.827,0.029,-0.311,0.013,0.047,"138272526","TE",NA,NA,2885
"ASPG","chr14_104110017_104111112_+","chr14_104109315_104111502_+","III",104110242,0.422,0.438,0.16,-0.498,0.015,0.05,"104111191","TE",NA,NA,1574
"ATF2","chr2_175092543_175092616_-","chr2_175080765_175093061_-","II",175092614,0.075,0.925,0.428,0.572,1,1,"175090901","polyASite,pAread",590,0.26,NA
"ATG7","chr3_11477134_11477268_+","chr3_11426926_11554811_+","I",11477142,0.288,0.694,0,NA,NA,NA,"11510423","TE,polyASite,pAread",376,0.153,NA
"ATP13A3","chr3_194409171_194409289_-","chr3_194406116_194412199_-","III",194409245,0,1,0.033,NA,NA,NA,"194408543","TE",NA,NA,430
"ATP6V0A1","chr17_42516772_42516949_+","chr17_42514460_42521027_+","II",42516781,0,1,0.138,NA,NA,NA,"42518011","pAread",260,0,NA
"ATP9B","chr18_79375714_79375995_+","chr18_79375426_79377247_+","II",79375763,0,1,0.08,NA,NA,NA,"79376202","pAread",719,0,NA
"ATPAF2","chr17_18020892_18020998_-","chr17_18018686_18021123_-","III",18020960,0.054,0.946,0.135,-0.105,0.232,0.431,"18020730","TE",NA,NA,1390
"BDP1","chr5_71562775_71562895_+","chr5_71562520_71564754_+","II",71562786,0.466,0.534,0.732,-0.44,0.001,0.004,"71564359","polyASite,pAread",148,0.058,NA
"BEND6","chr6_57008181_57008314_+","chr6_56992555_57014462_+","III",57008203,0.145,0.178,0.62,-0.478,0.051,0.129,"57010948","TE",NA,NA,118
"BIN3","chr8_22624971_22625412_-","chr8_22624363_22629964_-","III",22625301,0,1,0.006,NA,NA,NA,"22624370","TE",NA,NA,688
"BPHL","chr6_3138041_3138179_+","chr6_3137422_3140386_+","II",3138083,0,1,0.269,NA,NA,NA,"3138778","polyASite,pAread",250,0.039,NA
"BTN2A2","chr6_26392146_26393648_+","chr6_26390829_26394298_+","III",26392228,0.738,0.251,1,-0.775,0,0,"26394013","TE",NA,NA,227
"BTN2A2","chr6_26392375_26393648_+","chr6_26390829_26394298_+","III",26392967,0.738,0.251,0.166,-0.406,0.003,0.012,"26393992,26394013","TE",NA,NA,227
"C4orf33","chr4_129109991_129110527_+","chr4_129109672_129111686_+","III",129110078,0.196,0.804,0.154,0.182,0.897,1,"129110342","TE",NA,NA,184
"C4orf33","chr4_129110131_129110527_+","chr4_129109672_129111686_+","III",129110149,0.196,0.804,0.056,0.019,0.551,0.881,"129110342","TE",NA,NA,184
"C4orf51","chr4_145699187_145699419_+","chr4_145696632_145726911_+","III",145699215,0,1,0,NA,NA,NA,"145699222","TE",NA,NA,118
"C5orf63","chr5_127047613_127047915_-","chr5_127047520_127052613_-","II",127047670,0.278,0.133,0.029,-0.125,0.241,0.443,"127047519","polyASite,pAread",1264,0.326,NA
"CA6","chr1_8974326_8974536_+","chr1_8970981_8974622_+","III",8974444,0.76,0.231,0.044,0.2,0.625,0.958,"8974541","TE",NA,NA,1761
"CACNA2D3","chr3_54912294_54912388_+","chr3_54899868_54968450_+","II",54912304,0.118,0.787,0.214,0.295,0.867,1,"54918356","pAread",239,0,NA
"CAPS2","chr12_75277614_75279065_-","chr12_75276247_75282251_-","III",75278890,0,1,0.6,NA,NA,NA,"75277211","TE",NA,NA,312
"CBR4","chr4_168928537_168928677_-","chr4_168894765_169002071_-","III",168928652,0.778,0.222,0,NA,NA,NA,"168927817","TE",NA,NA,227
"CBWD1","chr9_151305_151427_-","chr9_146158_152034_-","II",151415,0.298,0.455,0.102,0.469,1,1,"150097","pAread",106,0,NA
"CCDC169","chr13_36281166_36281260_-","chr13_36254143_36283469_-","III",36281252,0,1,0.375,NA,NA,NA,"36280057","TE",NA,NA,1532
"CCDC18","chr1_93237262_93237380_+","chr1_93236390_93239310_+","III",93237277,0,1,0.234,NA,NA,NA,"93237380","TE",NA,NA,6205
"CCDC28A","chr6_138782340_138782441_+","chr6_138779985_138785227_+","III",138782344,0,1,0.241,NA,NA,NA,"138783155","TE",NA,NA,258
"CCDC28A","chr6_138782340_138782518_+","chr6_138779985_138785227_+","III",138782344,0,1,0.241,NA,NA,NA,"138783155","TE",NA,NA,547
"CCDC66","chr3_56569313_56569637_+","chr3_56567053_56571181_+","III",56569362,0.548,0.379,0.668,-0.848,0,0,"56570671","TE",NA,NA,140
"CCDC91","chr12_28412754_28412938_+","chr12_28391411_28450161_+","II",28412795,0,1,0.045,NA,NA,NA,"28441099","pAread",157,0,NA
"CCNC","chr6_99549312_99549399_-","chr6_99546474_99549508_-","I",99549389,0,1,0.029,NA,NA,NA,"99549312","TE",0,0,NA
"CCNH","chr5_87392770_87392904_-","chr5_87312795_87395044_-","I",87392860,0.325,0.014,0.105,-0.377,0.003,0.013,"87389580","TE,polyASite,pAread",10790,4.542,NA
"CCNH","chr5_87392770_87394480_-","chr5_87312795_87395044_-","III",87394457,0.325,0.014,0.926,-0.702,0,0,"87391494","TE",NA,NA,583
"CCNJL","chr5_160254129_160254335_-","chr5_160253798_160255549_-","I",160254320,0,1,0.297,NA,NA,NA,"160254130","TE",0,0,NA
"CD226","chr18_69910297_69910602_-","chr18_69896045_69946734_-","III",69910535,0.152,0.848,0.429,-1,NA,NA,"69909674","TE",NA,NA,303
"CD33","chr19_51235823_51235943_+","chr19_51235676_51239518_+","III",51235831,0,1,0.156,NA,NA,NA,"51235966","TE",NA,NA,1864
"CD44","chr11_35222375_35222569_+","chr11_35221732_35229129_+","III",35222378,0,1,0.013,NA,NA,NA,"35223319","TE",NA,NA,256
"CD47","chr3_108054253_108054348_-","chr3_108051970_108057477_-","II",108054329,0.009,0.991,0.003,0.166,0.878,1,"108053886","pAread",93,0,NA
"CD55","chr1_207347132_207347256_+","chr1_207340508_207359546_+","III",207347171,0.222,0.778,0.203,-0.069,0.319,0.564,"207347251","TE",NA,NA,563
"CD55","chr1_207350138_207350222_+","chr1_207339417_207359546_+","II",207350151,0.504,0.429,0,0.231,0.949,1,"207351557","polyASite,pAread",628,0.459,NA
"CDHR1","chr10_84214082_84215983_+","chr10_84213348_84219079_+","III",84214621,0.34,0.134,0.465,0.091,0.649,0.979,"84218694","TE",NA,NA,7231
"CDK12","chr17_39530604_39531408_+","chr17_39526316_39544249_+","III",39531316,0.334,0.378,0.393,-0.644,0,0,"39534544","TE",NA,NA,2934
"CDK12","chr17_39530631_39531408_+","chr17_39526316_39544249_+","III",39531316,0.334,0.378,0.422,-0.469,0,0.002,"39534544","TE",NA,NA,2934
"CDKL1","chr14_50331997_50332692_-","chr14_50330181_50334565_-","III",50332660,0.729,0.252,0.077,0.402,0.998,1,"50331926","TE",NA,NA,1194
"CDKN2A","chr9_21968575_21968771_-","chr9_21968242_21970902_-","I",21968725,0.65,0.35,0,-0.354,0.049,0.127,"21968249","TE",0,0,NA
"CENATAC","chr11_119001613_119001825_+","chr11_118999109_119010764_+","II",119001676,0,1,0.211,NA,NA,NA,"119010697","polyASite,pAread",1000,0.443,NA
"CEP120","chr5_123358252_123358445_-","chr5_123350089_123364496_-","I",123358395,0.053,0.947,0,NA,NA,NA,"123358244","TE,polyASite,pAread",181,0.107,NA
"CFAP74","chr1_1937389_1937553_-","chr1_1930336_1938855_-","III",1937523,0.491,0.509,0.432,-0.933,0,0.002,"1936510","TE",NA,NA,268
"CFDP1","chr16_75391380_75391508_-","chr16_75305182_75395090_-","I",75391496,0.014,0.986,0.056,0.058,0.656,0.986,"75372200","TE,polyASite,pAread",8660,0.733,NA
"CFLAR","chr2_201154137_201154407_+","chr2_201149835_201160432_+","II",201154222,0.118,0.882,0.082,-0.132,0.178,0.353,"201156604","pAread",55,0,NA
"CHCHD6","chr3_126883194_126888677_+","chr3_126852730_126914680_+","III",126883259,0.089,0.911,0.013,0.147,0.848,1,"126891450","TE",NA,NA,365
"CHCHD6","chr3_126953222_126953398_+","chr3_126914750_126957416_+","III",126953276,0,1,0.012,NA,NA,NA,"126953398","TE",NA,NA,691
"CHKA","chr11_68061600_68061830_-","chr11_68054047_68061953_-","II",68061666,0,1,0.387,NA,NA,NA,"68060034","pAread",12390,0,NA
"CHM","chrX_85872409_85872516_-","chrX_85864821_85873052_-","III",85872478,0,1,0.04,NA,NA,NA,"85871363","TE",NA,NA,490
"CHST15","chr10_124010622_124011056_-","chr10_124010339_124012333_-","III",124011019,0.415,0.525,0.041,0.075,0.697,1,"124010353","TE",NA,NA,1748
"CHUK","chr10_100199001_100199168_-","chr10_100194521_100199971_-","III",100199101,0.018,0.982,0.038,-0.222,0.059,0.147,"100196408","TE",NA,NA,267
"CIBAR1","chr8_93727131_93727244_+","chr8_93726513_93728205_+","II",93727169,0.186,0.814,0.082,-0.299,0.017,0.057,"93728180","polyASite",0,0.805,NA
"CLEC16A","chr16_11149886_11150041_+","chr16_11126146_11156574_+","III",11149929,0.184,0,0.856,-0.539,0.043,0.121,"11151810","TE",NA,NA,177
"CLEC2A","chr12_9913460_9913680_-","chr12_9898976_9916700_-","III",9913566,0.004,0.641,0.737,-1,NA,NA,"9913227","TE",NA,NA,1657
"CLEC2A","chr12_9913460_9913680_-","chr12_9898976_9916704_-","III",9913667,0.004,0.639,0.311,-1,NA,NA,"9913227","TE",NA,NA,1657
"CLTB","chr5_176406157_176406708_-","chr5_176398047_176410257_-","I",176406538,0,1,0.066,NA,NA,NA,"176405532","TE,polyASite,pAread",3924,1.633,NA
"CMPK1","chr1_47358298_47358402_+","chr1_47334116_47368469_+","III",47358303,0,1,0.003,NA,NA,NA,"47358875","TE",NA,NA,1269
"CNNM4","chr2_96802746_96803066_+","chr2_96799648_96808561_+","III",96802837,0,1,0.035,NA,NA,NA,"96803066","TE",NA,NA,2275
"CNTRL","chr9_121161283_121161625_+","chr9_121160302_121161856_+","III",121161296,0.279,0.721,0.132,-0.669,0,0,"121161505","TE",NA,NA,3722
"COL6A2","chr21_46128903_46129392_+","chr21_46126541_46131954_+","III",46128928,0.207,0.704,0.011,-0.346,0.006,0.025,"46129801","TE",NA,NA,54740
"COMMD2","chr3_149750257_149750382_-","chr3_149741718_149750678_-","II",149750377,0,1,0.048,NA,NA,NA,"149742180","polyASite,pAread",450,0.003,NA
"COMT","chr22_19967164_19967621_+","chr22_19964299_19968536_+","II",19967427,0.004,0.996,0.015,-0.24,0.045,0.122,"19967683","polyASite,pAread",2664,0.837,NA
"COQ2","chr4_83267090_83267208_-","chr4_83264363_83267586_-","II",83267173,0.224,0.776,0.099,-0.051,0.365,0.626,"83266647","polyASite,pAread",2302,0.122,NA
"CPED1","chr7_121261632_121261770_+","chr7_121244338_121266227_+","I",121261673,0.443,0.557,0.494,-0.725,0,0,"121261918","TE,polyASite,pAread",909,0.481,NA
"CPXM2","chr10_123748884_123749056_-","chr10_123747017_123754663_-","III",123748986,0,1,0.015,NA,NA,NA,"123747951","TE",NA,NA,1845
"CRBN","chr3_3172506_3172646_-","chr3_3167793_3172776_-","III",3172589,0.235,0.765,0.341,-0.665,0,0,"3172176","TE",NA,NA,6107
"CRYL1","chr13_20418398_20419084_-","chr13_20413387_20432102_-","II",20419028,0.02,0.98,0.082,-0.24,0.045,0.122,"20417932","polyASite,pAread",159,0.068,NA
"CSGALNACT2","chr10_43171984_43172163_+","chr10_43167098_43175951_+","III",43172076,0,1,0.022,NA,NA,NA,"43172156","TE",NA,NA,13046
"CTSZ","chr20_58996852_58997152_-","chr20_58995759_58997603_-","III",58997044,0,1,0.127,NA,NA,NA,"58996583","TE",NA,NA,2028
"CUBN","chr10_17010676_17012171_-","chr10_16990515_17019833_-","III",17012122,0.919,0.081,0.914,-1,NA,NA,"17007194","TE",NA,NA,354
"DCAF5","chr14_69089948_69091156_-","chr14_69075411_69091674_-","III",69091055,0.141,0.859,0.087,-0.293,0.018,0.059,"69089204","TE",NA,NA,3594
"DCAF6","chr1_168019545_168019667_+","chr1_168004793_168022988_+","II",168019585,0.57,0.267,0.403,0.256,0.965,1,"168021230","polyASite,pAread",108,0.032,NA
"DDX25","chr11_125922100_125922220_+","chr11_125921379_125922820_+","III",125922110,0,1,0.067,NA,NA,NA,"125922664","TE",NA,NA,190
"DDX31","chr9_132596315_132596422_-","chr9_132595112_132612087_-","III",132596368,0.156,0.844,0.004,-0.187,0.095,0.223,"132595146","TE",NA,NA,248
"DDX31","chr9_132658103_132658358_-","chr9_132652492_132658671_-","III",132658302,0.414,0.586,0.465,-0.813,0,0,"132658083","TE",NA,NA,495
"DDX3X","chrX_41347640_41347915_+","chrX_41347451_41357833_+","I",41347719,0.349,0,0.052,-0.289,0.02,0.062,"41351665","TE,polyASite,pAread",4352,11.284,NA
"DEUP1","chr11_93434794_93435040_+","chr11_93415114_93437543_+","III",93434958,0,0.838,0.006,NA,NA,NA,"93435040","TE",NA,NA,242
"DGLUCY","chr14_91223679_91223795_+","chr14_91215556_91224684_+","II",91223702,0.052,0.948,0.109,0.096,0.749,1,"91223796","pAread",209,0,NA
"DHX8","chr17_43517832_43518062_+","chr17_43517322_43520130_+","II",43517849,0.093,0.876,0.007,0.117,0.794,1,"43519537","pAread",87,0,NA
"DNAJC21","chr5_34950444_34950858_+","chr5_34950342_34953926_+","III",34950447,0,1,0.098,NA,NA,NA,"34952763","TE",NA,NA,230
"DNAJC7","chr17_41987595_41987694_-","chr17_41983636_41987819_-","II",41987661,0,1,0.19,NA,NA,NA,"41987395","polyASite,pAread",404,0.07,NA
"DNASE1","chr16_3657906_3658064_+","chr16_3657816_3662646_+","III",3657953,0.804,0.196,0.216,0.049,0.623,0.958,"3658095","TE",NA,NA,112
"DPY19L2","chr12_63567600_63567699_-","chr12_63560662_63569224_-","II",63567651,0,1,0.513,NA,NA,NA,"63562792","pAread",203,0,NA
"DPY19L2","chr12_63591818_63591936_-","chr12_63591127_63594087_-","III",63591897,0.901,0.099,0.288,0.216,0.696,1,"63591489","TE",NA,NA,150
"DTNB","chr2_25386027_25387151_-","chr2_25383889_25387289_-","III",25387099,0.779,0.221,0.079,0.35,0.992,1,"25384908","TE",NA,NA,5725
"DTWD1","chr15_49643331_49644519_+","chr15_49634794_49653878_+","I",49643578,0.941,0.059,0.157,-0.798,0,0,"49643630","TE,polyASite,pAread",16116,10.323,NA
"DZIP1L","chr3_138069011_138069164_-","chr3_138068367_138071643_-","III",138069160,0,1,0.145,NA,NA,NA,"138068983","TE",NA,NA,2361
"EDRF1","chr10_125742220_125742345_+","chr10_125741201_125743058_+","II",125742239,0.282,0.718,0.092,-0.13,0.182,0.359,"125742891","polyASite,pAread",89,0.378,NA
"EEF1E1","chr6_8078500_8078740_-","chr6_8073510_8090186_-","III",8078678,0.243,0.009,0.883,-0.914,0,0,"8078494","TE",NA,NA,330
"EEF1E1","chr6_8078587_8078740_-","chr6_8073510_8090186_-","III",8078678,0.243,0.009,0.883,-0.914,0,0,"8078494","TE",NA,NA,135
"EIF3E","chr8_108233133_108233672_-","chr8_108229195_108234998_-","III",108233625,0.038,0.962,0.09,-0.337,0.008,0.029,"108230122","TE",NA,NA,108
"EMG1","chr12_6983002_6983206_+","chr12_6975378_6987782_+","II",6983052,0.169,0.019,0.015,-0.165,0.131,0.289,"6983274","polyASite,pAread",70,0.049,NA
"ENKUR","chr10_24984210_24984376_-","chr10_24982770_24984736_-","II",24984370,0.534,0.316,0.214,0.574,0.984,1,"24982813","polyASite,pAread",305,0.025,NA
"ENTPD1","chr10_95865273_95865411_+","chr10_95864861_95866177_+","III",95865299,0.311,0.689,0.091,0.042,0.609,0.943,"95865823","TE",NA,NA,3623
"ENTPD5","chr14_73961136_73961550_-","chr14_73959553_73970010_-","III",73961533,0.222,0.778,0.741,-0.184,0.102,0.233,"73961084","TE",NA,NA,103
"EPS8L1","chr19_55083767_55084642_+","chr19_55083644_55085841_+","I",55083782,0,1,0.267,NA,NA,NA,"55084225","TE,polyASite,pAread",683,0.258,NA
"EPSTI1","chr13_42897322_42897544_-","chr13_42895108_42900310_-","III",42897463,0.232,0.747,0.137,-0.104,0.251,0.457,"42897119","TE",NA,NA,1602
"ERCC6L2","chr9_95967459_95967625_+","chr9_95966714_95970576_+","I",95967461,0.047,0.953,0.137,0.312,0.935,1,"95968829","TE,polyASite,pAread",41,0.005,NA
"EVPLL","chr17_18387083_18387200_+","chr17_18383587_18388219_+","III",18387085,0,1,0.002,NA,NA,NA,"18387118","TE",NA,NA,600
"EXOC2","chr6_534508_534580_-","chr6_532610_549175_-","III",534566,0.138,0.862,0.003,-0.135,0.173,0.348,"534551","TE",NA,NA,404
"EXOG","chr3_38513750_38513868_+","chr3_38506968_38523901_+","II",38513761,0.008,0.992,0.214,0.086,0.706,1,"38523289","polyASite,pAread",49,0.029,NA
"EXOG","chr3_38523173_38523645_+","chr3_38506968_38523901_+","II",38523202,0.008,0.992,0.011,0.156,0.837,1,"38523289","polyASite,pAread",49,0.029,NA
"FAAH2","chrX_57452131_57452311_+","chrX_57448718_57488757_+","I",57452171,0.052,0.948,0.735,0.051,0.587,0.928,"57452517","TE,polyASite,pAread",245,0.231,NA
"FAHD2A","chr2_95412895_95413825_+","chr2_95412764_95413966_+","II",95412957,0.531,0.085,0.016,-0.193,0.087,0.207,"95413119","polyASite,pAread",25115,54.055,NA
"FAM126A","chr7_22940972_22946163_-","chr7_22920325_22960256_-","III",22945589,0.088,0.007,0.5,-0.57,0,0.001,"22934211","TE",NA,NA,137
"FARS2","chr6_5466559_5467069_+","chr6_5431172_5545180_+","II",5466665,0,1,0,NA,NA,NA,"5467167","polyASite,pAread",207,0.018,NA
"FBXO27","chr19_39025156_39025554_-","chr19_39014547_39026870_-","III",39025411,0.271,0.153,0.441,-0.868,0,0,"39024021,39024829","TE",NA,NA,113
"FBXO8","chr4_174256027_174256145_-","chr4_174241218_174259699_-","II",174256092,0,1,0.416,NA,NA,NA,"174254858","polyASite,pAread",57,0.004,NA
"FOXK2","chr17_82595782_82596191_+","chr17_82587272_82601303_+","II",82595840,0.241,0.759,0.019,-0.055,0.351,0.613,"82598185","pAread",94,0,NA
"FUT11","chr10_73775419_73775945_+","chr10_73773815_73778828_+","III",73775515,0.785,0.215,0.978,0.131,0.804,1,"73776219","TE",NA,NA,160
"FUT11","chr10_73775419_73776158_+","chr10_73773815_73778828_+","III",73775515,0.785,0.215,0.978,0.131,0.804,1,"73776219","TE",NA,NA,3809
"FUT11","chr10_73775541_73775945_+","chr10_73773815_73778828_+","III",73775685,0.785,0.215,0.052,-0.308,0.014,0.048,"73776219","TE",NA,NA,160
"FUT11","chr10_73775541_73776158_+","chr10_73773815_73778828_+","III",73775685,0.785,0.215,0.052,-0.308,0.014,0.048,"73776219","TE",NA,NA,3809
"FXN","chr9_69072612_69072830_+","chr9_69065035_69099901_+","III",69072762,0.313,0.027,0.367,-0.747,0,0,"69079076","TE",NA,NA,101
"FXR2","chr17_7592071_7592157_-","chr17_7591925_7592254_-","I",7592122,0,1,0.159,NA,NA,NA,"7592066","TE",0,0,NA
"FYCO1","chr3_45919413_45921840_-","chr3_45919065_45923656_-","II",45921765,0,1,0.006,NA,NA,NA,"45921068","polyASite,pAread",823,0.018,NA
"GATD3","chr21_44140942_44141430_+","chr21_44140342_44143205_+","III",44141074,0.672,0.328,0.061,-0.4,0.375,0.64,"44141415","TE",NA,NA,1249
"GCA","chr2_162360217_162361976_+","chr2_162359552_162371306_+","III",162360243,0.328,0.007,0.283,-0.43,0.001,0.004,"162363108,162363123","TE",NA,NA,146
"GCDH","chr19_12899468_12900318_+","chr19_12897863_12913995_+","I",12899541,0.157,0.015,0.023,-0.784,0,0,"12899951","TE,polyASite,pAread",14219,19.59,NA
"GCDH","chr19_12899700_12900050_+","chr19_12897863_12900234_+","III",12899743,0.33,0.066,0.912,-0.42,0.002,0.01,"12899969","TE",NA,NA,296
"GCOM1","chr15_57646137_57646669_+","chr15_57639545_57661450_+","I",57646190,0.406,0.545,0.49,-0.69,0,0,"57650050","TE,polyASite,pAread",3359,0.301,NA
"GET1","chr21_39396866_39397155_+","chr21_39393280_39405914_+","III",39396939,0.992,0.008,0.031,-0.479,0,0.001,"39397889","TE",NA,NA,126
"GK5","chr3_142169074_142169323_-","chr3_142165770_142170325_-","III",142169280,0.135,0.865,0.005,0.129,0.814,1,"142168743","TE",NA,NA,369
"GK5","chr3_142184711_142185793_-","chr3_142183049_142185929_-","II",142185704,0,1,0.442,NA,NA,NA,"142185636","polyASite,pAread",772,0.006,NA
"GLB1L2","chr11_134345268_134345613_+","chr11_134345129_134347325_+","III",134345313,0,1,0.057,NA,NA,NA,"134345848","TE",NA,NA,528
"GMDS","chr6_1717508_1717643_-","chr6_1624540_1726416_-","I",1717611,0.11,0.89,0,NA,NA,NA,"1690473","TE,polyASite,pAread",1534,0.223,NA
"GOLM2","chr15_44345875_44347266_+","chr15_44338317_44379690_+","II",44345894,0,1,0.008,NA,NA,NA,"44351613","pAread",271,0,NA
"GPATCH2L","chr14_76178208_76178322_+","chr14_76177931_76180764_+","I",76178213,0,1,0.09,NA,NA,NA,"76179869","TE",0,0,NA
"GPR137B","chr1_236207133_236207280_+","chr1_236205250_236208050_+","I",236207181,0.012,0.988,0.161,-0.074,0.304,0.54,"236207280","TE",0,0,NA
"GPR137C","chr14_52618011_52618193_+","chr14_52600341_52632160_+","II",52618019,0,1,0.017,NA,NA,NA,"52631923","pAread",51,0,NA
"GSAP","chr7_77323647_77323742_-","chr7_77321403_77326212_-","II",77323732,0,1,0.018,NA,NA,NA,"77322584","pAread",115,0,NA
"GTF2B","chr1_88858681_88858787_-","chr1_88857487_88859882_-","II",88858771,0.062,0.938,0.065,-0.33,0.009,0.033,"88857693","pAread",2084,0,NA
"GTF2E2","chr8_30584904_30585158_-","chr8_30580396_30607057_-","III",30585139,0,1,0.027,NA,NA,NA,"30584425","TE",NA,NA,1416
"GTF2H5","chr6_158172357_158173643_+","chr6_158170538_158191977_+","III",158172537,0,1,0.003,NA,NA,NA,"158173727","TE",NA,NA,1557
"HDAC8","chrX_72349692_72349926_-","chrX_72330076_72351733_-","II",72349910,0,1,0.021,NA,NA,NA,"72332571","pAread",548,0,NA
"HDHD2","chr18_47108923_47111786_-","chr18_47108785_47112977_-","III",47111752,0.116,0.884,0.147,0.317,0.988,1,"47108912","TE",NA,NA,7606
"HIF3A","chr19_46338227_46338480_+","chr19_46334986_46339525_+","III",46338306,0.386,0.484,0.277,-0.72,0,0,"46338540","TE",NA,NA,1412
"HKDC1","chr10_69262058_69262188_+","chr10_69261294_69265585_+","II",69262106,0.181,0.819,0.32,0.289,0.819,1,"69262261","polyASite,pAread",281,0.003,NA
"HMGN1","chr21_39347379_39347478_-","chr21_39345958_39348292_-","II",39347467,0.821,0.179,0.423,-0.003,0.493,0.807,"39347350","polyASite,pAread",264,0.648,NA
"HPGD","chr4_174507625_174508183_-","chr4_174495624_174508696_-","III",174508074,0.049,0.951,0.05,-0.285,0.075,0.18,"174506743","TE",NA,NA,224
"HSD17B3","chr9_96250281_96250485_-","chr9_96249786_96251418_-","III",96250465,0.242,0.758,0.867,0.771,1,1,"96249910","TE",NA,NA,209
"HSPA12B","chr20_3751235_3751389_+","chr20_3750907_3751511_+","III",3751242,0.344,0.656,0.028,-0.103,0.244,0.447,"3751399","TE",NA,NA,934
"IDH3B","chr20_2659109_2659312_-","chr20_2658837_2659525_-","III",2659253,0.745,0.255,0.514,-0.141,0.162,0.331,"2659015","TE",NA,NA,7338
"IFI44","chr1_78661386_78661456_+","chr1_78660654_78662704_+","III",78661391,0,1,0.002,NA,NA,NA,"78661406","TE",NA,NA,11709
"IFT20","chr17_28328878_28329068_-","chr17_28328733_28329173_-","III",28329038,0.095,0.905,0.039,0.472,1,1,"28328887","TE",NA,NA,371
"IFT81","chr12_110167871_110168241_+","chr12_110163065_110180422_+","III",110167978,0.071,0.929,0.07,-0.186,0.097,0.227,"110169182","TE",NA,NA,1425
"IL17D","chr13_20717098_20717369_+","chr13_20704291_20721636_+","II",20717155,0,1,0.013,NA,NA,NA,"20720501","polyASite,pAread",164,0.033,NA
"ILF3","chr19_10684416_10685059_+","chr19_10683970_10687346_+","III",10684465,0.213,0.315,0.248,-0.957,0,0,"10685765","TE",NA,NA,138
"ILF3","chr19_10684859_10685059_+","chr19_10683970_10687346_+","III",10684872,0.213,0.315,0.029,-0.697,0,0,"10685765","TE",NA,NA,138
"IMMP1L","chr11_31448944_31449091_-","chr11_31433570_31456260_-","III",31449038,0,1,0.026,NA,NA,NA,"31449030","TE",NA,NA,1951
"IMMP1L","chr11_31452718_31453092_-","chr11_31449091_31456260_-","III",31453078,0.285,0.085,0.273,-0.131,0.22,0.414,"31452545","TE",NA,NA,3725
"INPP5A","chr10_132754244_132754385_+","chr10_132749845_132765773_+","III",132754264,0.074,0.926,0.146,-0.408,0.001,0.007,"132757333","TE",NA,NA,913
"ITIH5","chr10_7571837_7572398_-","chr10_7569784_7573142_-","III",7572322,0,1,0.462,NA,NA,NA,"7571405,7571717","TE",NA,NA,4246
"ITSN2","chr2_24263284_24265092_-","chr2_24261742_24270671_-","II",24265063,0.007,0.993,0.19,0.144,0.844,1,"24263731","pAread",477,0,NA
"KANSL3","chr2_96600066_96600503_-","chr2_96598160_96601643_-","III",96600474,0.097,0.028,1,-0.561,0,0,"96599653","TE",NA,NA,208
"KATNAL2","chr18_47098173_47098663_+","chr18_47077461_47099243_+","I",47098419,0.582,0.302,0.692,0.119,0.757,1,"47098931","TE,polyASite,pAread",638,0.172,NA
"KCNH6","chr17_63542690_63542985_+","chr17_63542434_63543576_+","III",63542722,0.35,0.65,0.802,NA,NA,NA,"63543565","TE",NA,NA,426
"KCNMB3","chr3_179242809_179243284_-","chr3_179240064_179244495_-","I",179242904,0.535,0.465,0.007,-0.166,0.209,0.402,"179242759","TE,pAread",360,0,NA
"KIF3C","chr2_25938235_25938348_-","chr2_25930063_25951789_-","II",25938297,0.01,0.99,0,NA,NA,NA,"25931970","pAread",115,0,NA
"KLHDC1","chr14_49751010_49751145_+","chr14_49743805_49751586_+","III",49751055,0,1,0,NA,NA,NA,"49751106","TE",NA,NA,2331
"KLHL22","chr22_20456220_20456467_-","chr22_20446676_20457808_-","II",20456354,0,1,0.063,NA,NA,NA,"20448552","polyASite,pAread",78,0.046,NA
"KLHL4","chrX_87666475_87666880_+","chrX_87664935_87669329_+","II",87666534,0.579,0.377,0.056,0.011,0.515,0.837,"87667911","polyASite,pAread",2640,3.365,NA
"LDAF1","chr16_21177137_21177327_+","chr16_21174148_21178797_+","III",21177158,0.252,0.023,0.5,0.514,1,1,"21177644","TE",NA,NA,759
"LDAF1","chr16_21177162_21177327_+","chr16_21174148_21178797_+","III",21177234,0.252,0.023,0.643,0.611,1,1,"21177643","TE",NA,NA,759
"LEPR","chr1_65633152_65633902_+","chr1_65622981_65636191_+","III",65633169,0.313,0.056,0.293,-0.633,0,0,"65635428","TE",NA,NA,102
"LGALS8","chr1_236545162_236545293_+","chr1_236544915_236548012_+","III",236545221,0,1,0.023,NA,NA,NA,"236547908","TE",NA,NA,1405
"LIPC","chr15_58565179_58565484_+","chr15_58563723_58568716_+","III",58565290,0.286,0.553,0.037,-0.154,0.402,0.683,"58566471","TE",NA,NA,384
"LRCH1","chr13_46741642_46742243_+","chr13_46733998_46750540_+","III",46741848,0,1,0.414,NA,NA,NA,"46744898","TE",NA,NA,126
"LRP11","chr6_149841204_149842676_-","chr6_149837463_149842983_-","III",149842612,0.088,0.912,0.438,-0.253,0.045,0.122,"149840438","TE",NA,NA,394
"LRP5","chr11_68404223_68404416_+","chr11_68403699_68406524_+","II",68404359,0,1,0.085,NA,NA,NA,"68405505","pAread",263,0,NA
"LRRC75B","chr22_24592217_24592423_-","chr22_24589949_24592863_-","II",24592376,0,1,0.286,NA,NA,NA,"24591090","pAread",144,0,NA
"LRRFIP1","chr2_237762603_237764211_+","chr2_237760205_237769943_+","III",237764140,0.595,0.405,0.876,-0.875,0,0,"237765915","TE",NA,NA,779
"LTA4H","chr12_96011634_96011865_-","chr12_96009148_96013188_-","III",96011802,0,1,0.142,NA,NA,NA,"96011749","TE",NA,NA,498
"LUC7L3","chr17_50751297_50751375_+","chr17_50750852_50752200_+","III",50751321,0.034,0.966,0.604,-0.221,0.06,0.147,"50751569","TE",NA,NA,2958
"LURAP1L","chr9_12777200_12777379_+","chr9_12776027_12821386_+","III",12777229,0,1,0.079,NA,NA,NA,"12777578","TE",NA,NA,1098
"MAGOHB","chr12_10612640_10612978_-","chr12_10610680_10613439_-","II",10612827,0,1,0.155,NA,NA,NA,"10611996","polyASite,pAread",76,0.005,NA
"MAN2A1","chr5_109830834_109830980_+","chr5_109823837_109842328_+","III",109830922,0.074,0.926,0.059,0.19,0.897,1,"109830980","TE",NA,NA,277
"MAP2K4","chr17_12125621_12125735_+","chr17_12125371_12129139_+","III",12125656,0,1,0.106,NA,NA,NA,"12125956","TE",NA,NA,316
"MAP2K4","chr17_12129494_12129584_+","chr17_12129287_12139839_+","II",12129503,0.049,0.951,0.033,0.346,0.994,1,"12129973","polyASite,pAread",226,0.018,NA
"MBOAT7","chr19_54178143_54178228_-","chr19_54174431_54178765_-","III",54178222,0,1,0.03,NA,NA,NA,"54178135","TE",NA,NA,19173
"MDGA1","chr6_37641737_37642049_-","chr6_37638667_37643809_-","II",37642012,0.149,0.851,0.386,0.461,0.999,1,"37641642","polyASite,pAread",73,0.022,NA
"MDH1B","chr2_206745277_206745369_-","chr2_206741382_206745622_-","II",206745359,0.575,0.079,0.922,0.682,0.999,1,"206742713","pAread",148,0,NA
"ME3","chr11_86440918_86441440_-","chr11_86435698_86442821_-","I",86441279,0.422,0.047,0,-0.217,0.063,0.152,"86441085","TE,polyASite,pAread",38530,13.94,NA
"ME3","chr11_86462566_86462677_-","chr11_86457759_86465091_-","II",86462652,0.508,0.172,0.031,-0.181,0.105,0.234,"86462027","polyASite,pAread",100,0.011,NA
"MEGF11","chr15_65921989_65922107_-","chr15_65918094_65922338_-","I",65922055,0.439,0.561,0.499,-0.928,0,0,"65921675","TE,polyASite,pAread",208,0.132,NA
"MEI1","chr22_41767576_41767703_+","chr22_41763321_41770686_+","III",41767608,0,1,0.052,NA,NA,NA,"41767698","TE",NA,NA,637
"METTL25","chr12_82474501_82474583_+","chr12_82456820_82476644_+","I",82474521,0,1,0.01,NA,NA,NA,"82476635","TE",0,0,NA
"METTL4","chr18_2540667_2540861_-","chr18_2539145_2544195_-","II",2540785,0,1,0.134,NA,NA,NA,"2539471","pAread",101,0,NA
"MFGE8","chr15_88902218_88904162_-","chr15_88901735_88905757_-","III",88904116,0,1,0.041,NA,NA,NA,"88902183","TE",NA,NA,642
"MFGE8","chr15_88903937_88904162_-","chr15_88901735_88905757_-","III",88904116,0,1,0.041,NA,NA,NA,"88902183","TE",NA,NA,227
"MIPEP","chr13_23798724_23798855_-","chr13_23760217_23805950_-","III",23798838,0.071,0.929,0.157,-0.054,0.354,0.615,"23798217","TE",NA,NA,8902
"MMAB","chr12_109561243_109561329_-","chr12_109561104_109561420_-","II",109561327,0,1,0.133,NA,NA,NA,"109561326","polyASite,pAread",58,0.06,NA
"MMP28","chr17_35766197_35766894_-","chr17_35756419_35767752_-","I",35766500,0.601,0.031,0.068,-0.208,0.105,0.234,"35765848","TE,polyASite,pAread",10837,3.67,NA
"MMS22L","chr6_97194305_97194438_-","chr6_97186690_97228894_-","III",97194435,0,1,0.016,NA,NA,NA,"97194316","TE",NA,NA,133
"MOGAT2","chr11_75730194_75730427_+","chr11_75728989_75731132_+","III",75730354,0,1,0.114,NA,NA,NA,"75730702","TE",NA,NA,800
"MRI1","chr19_13769578_13769706_+","chr19_13769048_13772121_+","III",13769597,0,1,0.016,NA,NA,NA,"13769705","TE",NA,NA,2880
"MRPL43","chr10_100986299_100986572_-","chr10_100984074_100986749_-","III",100986543,0.342,0.025,0.304,0.279,0.976,1,"100986269","TE",NA,NA,186
"MTHFD1L","chr6_151069035_151069137_+","chr6_151037117_151092467_+","I",151069052,0.121,0.879,0.029,0.105,0.765,1,"151071817","TE,polyASite,pAread",262,0.129,NA
"MTMR1","chrX_150735464_150735627_+","chrX_150732730_150736595_+","III",150735499,0.018,0.982,0.097,0.122,0.802,1,"150735701","TE",NA,NA,297
"MTMR1","chrX_150735464_150736004_+","chrX_150732730_150736595_+","III",150735499,0.018,0.982,0.097,0.122,0.802,1,"150735701","TE",NA,NA,385
"MTMR1","chrX_150751030_150751240_+","chrX_150750843_150755689_+","I",150751080,0.314,0.686,0.346,-0.552,0,0,"150752498","TE,polyASite,pAread",988,0.526,NA
"MTRES1","chr6_107040381_107040524_+","chr6_107040230_107044260_+","I",107040384,0.066,0.934,0.259,-0.253,0.037,0.108,"107040907","TE,polyASite,pAread",3374,4.046,NA
"MYEF2","chr15_48162677_48162893_-","chr15_48159804_48165933_-","III",48162795,0,1,0.686,NA,NA,NA,"48162719","TE",NA,NA,8589
"MZT2A","chr2_131483964_131484218_-","chr2_131472182_131491876_-","III",131484061,0.156,0.017,0.133,-0.965,0,0,"131483960","TE",NA,NA,1257
"NAMPT","chr7_106258725_106258875_-","chr7_106254504_106261588_-","II",106258837,0,1,0.006,NA,NA,NA,"106256233","pAread",1511,0,NA
"NDUFA10","chr2_239987516_239987578_-","chr2_239961186_239990074_-","I",239987570,0.022,0.978,0.015,0.162,0.872,1,"239972625","TE,polyASite,pAread",673,0.183,NA
"NDUFA11","chr19_5894633_5894854_-","chr19_5893290_5896453_-","III",5894742,0.015,0.001,0.011,-0.7,0,0,"5894675","TE",NA,NA,109
"NDUFA3","chr19_54106811_54106970_+","chr19_54106011_54108440_+","I",54106902,0.095,0.012,0.013,-0.028,0.424,0.707,"54106881","TE,polyASite,pAread",20794,117.912,NA
"NDUFAF1","chr15_41394105_41394358_-","chr15_41388522_41394859_-","II",41394332,0.057,0.943,0.309,-0.308,0.014,0.048,"41389437","polyASite,pAread",3398,0.841,NA
"NECTIN3","chr3_111133635_111134479_+","chr3_111126335_111144899_+","III",111134215,0.705,0.123,0.688,-0.915,0,0,"111137549,111137560","TE",NA,NA,5073
"NECTIN3","chr3_111133661_111134205_+","chr3_111126335_111144899_+","III",111133692,0.705,0.123,0.443,0.666,1,1,"111137560","TE",NA,NA,473
"NECTIN3","chr3_111133661_111134479_+","chr3_111126335_111144899_+","III",111133692,0.705,0.123,0.443,0.666,1,1,"111137560","TE",NA,NA,5073
"NEK11","chr3_131184702_131184857_+","chr3_131170887_131228528_+","III",131184751,0.651,0.349,0.446,-0.039,0.409,0.687,"131184773","TE",NA,NA,143
"NFX1","chr9_33347663_33347942_+","chr9_33347117_33351560_+","III",33347740,0.249,0.223,0.303,-0.795,0,0,"33348731","TE",NA,NA,3695
"NFX1","chr9_33347666_33347942_+","chr9_33347117_33351560_+","III",33347740,0.249,0.223,0.231,-0.73,0,0,"33347937,33347938","TE",NA,NA,3695
"NHLRC2","chr10_113907226_113907359_+","chr10_113905036_113908280_+","III",113907233,0.074,0.926,0.181,0.209,0.896,1,"113907243","TE",NA,NA,786
"NMRAL1","chr16_4463420_4463512_-","chr16_4461959_4463660_-","I",4463477,0.185,0.815,0.058,-0.371,0.004,0.015,"4463041","TE",0,0,NA
"NMT2","chr10_15109040_15109215_-","chr10_15106698_15109702_-","III",15109195,0.461,0.308,0.192,-0.345,0.007,0.026,"15107630","TE",NA,NA,665
"NOP56","chr20_2657373_2657488_+","chr20_2657218_2657929_+","II",2657390,0.176,0.824,0.131,0.549,1,1,"2657914","polyASite",0,1.097,NA
"NPTN","chr15_73569714_73569806_-","chr15_73563583_73570150_-","II",73569790,0.299,0.033,0.916,-0.302,0.016,0.052,"73567004","pAread",968,0,NA
"NRN1L","chr16_67885974_67886353_+","chr16_67885854_67888667_+","III",67886259,0.063,0,0,NA,NA,NA,"67886368","TE",NA,NA,163
"NRP1","chr10_33194581_33194780_-","chr10_33192418_33197650_-","III",33194713,0.372,0.599,0.479,-0.492,0,0.001,"33194367,33194383","TE",NA,NA,318
"NSMCE4A","chr10_121961843_121962107_-","chr10_121961517_121963238_-","III",121962001,0.13,0.87,0.119,-0.311,0.013,0.047,"121961753","TE",NA,NA,7202
"NT5DC1","chr6_116237396_116237639_+","chr6_116237084_116238187_+","I",116237488,0.089,0.872,0.028,0.172,0.887,1,"116238149","TE",0,0,NA
"NTN5","chr19_48662500_48663226_-","chr19_48662041_48663463_-","III",48663177,0.534,0.466,0.592,0.538,0.971,1,"48662475","TE",NA,NA,1454
"NUDCD3","chr7_44481292_44481461_-","chr7_44427703_44484968_-","II",44481458,0,1,0.017,NA,NA,NA,"44468306","polyASite,pAread",119,24.738,NA
"NUP210","chr3_13347090_13347368_-","chr3_13343303_13351879_-","III",13347348,0,1,0.022,NA,NA,NA,"13346033","TE",NA,NA,2094
"NVL","chr1_224267004_224267223_-","chr1_224250318_224268034_-","II",224267219,0.046,0.954,0.157,0.231,0.948,1,"224266345","polyASite,pAread",282,0.044,NA
"PABIR3","chrX_134831636_134833128_+","chrX_134829282_134838727_+","III",134831653,0.377,0.623,0.824,-1,0.042,0.118,"134833189","TE",NA,NA,106
"PABIR3","chrX_134832945_134833128_+","chrX_134829282_134838727_+","I",134832986,0.377,0.623,1,-1,0.042,0.118,"134833184","TE,polyASite,pAread",52,0.022,NA
"PAK3","chrX_111217501_111217675_+","chrX_111216558_111220358_+","II",111217512,0.181,0.819,0.138,-0.332,0.174,0.349,"111217632","pAread",255,0,NA
"PARP16","chr15_65248117_65248228_-","chr15_65234823_65259464_-","I",65248214,0.475,0.142,0.312,-0.19,0.098,0.227,"65247804","TE,polyASite,pAread",1244,0.142,NA
"PATE4","chr11_125835002_125835854_+","chr11_125833417_125837868_+","III",125835129,0,0.988,0,NA,NA,NA,"125835900","TE",NA,NA,109
"PCCA","chr13_100491650_100491747_+","chr13_100449305_100515427_+","III",100491673,0.105,0.895,0.041,0.291,0.981,1,"100491818","TE",NA,NA,590
"PCMTD1","chr8_51827235_51827361_-","chr8_51820718_51831444_-","III",51827351,0,1,0.233,NA,NA,NA,"51826929","TE",NA,NA,135
"PCNX2","chr1_233065445_233065661_-","chr1_233057290_233090061_-","III",233065643,0.062,0.938,0.675,0.296,0.858,1,"233065452","TE",NA,NA,219
"PCNX4","chr14_60133656_60133785_+","chr14_60125823_60133970_+","II",60133664,0,1,0.06,NA,NA,NA,"60133910","polyASite,pAread",61,0.051,NA
"PDSS2","chr6_107174899_107175044_-","chr6_107154777_107193822_-","II",107175009,0.008,0.992,0.001,0.031,0.569,0.904,"107164164","pAread",52,0,NA
"PDZD7","chr10_101017253_101017615_-","chr10_101016427_101018099_-","III",101017546,0.616,0.176,0.52,-0.861,0,0,"101017376","TE",NA,NA,132
"PDZD7","chr10_101017253_101017615_-","chr10_101016427_101018099_-","III",101017584,0.616,0.176,0.52,-0.861,0,0,"101017376","TE",NA,NA,132
"PGS1","chr17_78420214_78420323_+","chr17_78419675_78424061_+","II",78420229,0,1,0.117,NA,NA,NA,"78421191","pAread",80,0,NA
"PIBF1","chr13_72915572_72915690_+","chr13_72908681_72917076_+","I",72915609,0.121,0.879,0.082,0.099,0.755,1,"72915674","TE",0,0,NA
"PIBF1","chr13_72939848_72939934_+","chr13_72931267_72965274_+","I",72939850,0.051,0.949,0.056,-0.002,0.494,0.807,"72939934","TE,pAread",65,0,NA
"PIGF","chr2_46591803_46591925_-","chr2_46588179_46592475_-","III",46591908,0.424,0.128,0.783,0.657,1,1,"46591803","TE",NA,NA,481
"PIGG","chr4_521989_522410_+","chr4_521941_523459_+","III",522213,0.441,0.559,0.083,-0.492,0,0.001,"522843","TE",NA,NA,12829
"PIGG","chr4_536356_536988_+","chr4_533981_539153_+","II",536413,0,1,0.114,NA,NA,NA,"537142","polyASite,pAread",167,0.009,NA
"PIH1D2","chr11_112067795_112068005_-","chr11_112064221_112070436_-","I",112067871,0.878,0.122,0.132,-0.36,0.153,0.322,"112067780","TE,polyASite,pAread",703,0.49,NA
"PIP5K1C","chr19_3637536_3638006_-","chr19_3633520_3638884_-","III",3637824,0.622,0.378,0.139,-0.524,0,0,"3636104","TE",NA,NA,2839
"PITPNM2","chr12_123000309_123000478_-","chr12_122997572_123000778_-","III",123000380,0.419,0.581,0.5,-0.646,0,0,"123000303","TE",NA,NA,576
"PLA2G10","chr16_14678645_14678760_-","chr16_14672749_14688165_-","I",14678723,0,1,0.636,NA,NA,NA,"14678699","TE",0,0,NA
"PLA2G4C","chr19_48064874_48065036_-","chr19_48062152_48067791_-","III",48064984,0.049,0.951,0.004,0.153,0.853,1,"48064969","TE",NA,NA,199
"PLAA","chr9_26916436_26916705_-","chr9_26913947_26917097_-","III",26916670,0.009,0.991,0.07,0.235,0.952,1,"26915313","TE",NA,NA,2428
"PLEKHJ1","chr19_2233531_2233905_-","chr19_2230612_2233998_-","III",2233840,0.642,0.09,0.022,-0.687,0,0,"2233153","TE",NA,NA,1720
"POLG","chr15_89317939_89318037_-","chr15_89317536_89318541_-","II",89318013,0,1,0.218,NA,NA,NA,"89317759","polyASite,pAread",180,0.064,NA
"PP2D1","chr3_19984194_19984296_-","chr3_19980174_20001030_-","II",19984256,0,0.678,0,NA,NA,NA,"19981592","pAread",207,0,NA
"PP2D1","chr3_19987542_19987745_-","chr3_19980174_20001030_-","I",19987609,0,0.678,0,NA,NA,NA,"19985346","TE,pAread",1350,0,NA
"PPA2","chr4_105398432_105398867_-","chr4_105396334_105399037_-","III",105398859,0.076,0.924,0.01,0.144,0.844,1,"105398304","TE",NA,NA,140
"PPP2R1B","chr11_111738700_111741612_-","chr11_111737569_111742053_-","III",111741596,0.744,0.028,0.794,-0.934,0,0,"111737877","TE",NA,NA,1473
"PPP6R3","chr11_68578610_68580281_+","chr11_68576043_68583043_+","III",68578870,0.349,0.53,0.025,-0.246,0.041,0.118,"68582392","TE",NA,NA,396
"PPP6R3","chr11_68578610_68582202_+","chr11_68576043_68583043_+","III",68578870,0.349,0.53,0.025,-0.246,0.041,0.118,"68582392","TE",NA,NA,263
"PRKAR2A","chr3_48751795_48752112_-","chr3_48751718_48756379_-","III",48752002,0,1,0.795,NA,NA,NA,"48751725","TE",NA,NA,415
"PRKCE","chr2_46010684_46010814_+","chr2_46010517_46086208_+","III",46010737,0.646,0.354,0.467,-0.329,0.019,0.061,"46019128","TE",NA,NA,299
"PRR3","chr6_30561328_30561508_+","chr6_30558212_30561834_+","II",30561428,0.05,0.95,0.866,0.128,0.798,1,"30561760","polyASite,pAread",3017,2.674,NA
"PSMD1","chr2_231166381_231166491_+","chr2_231166017_231170566_+","I",231166395,0.105,0.895,0.002,-0.034,0.405,0.684,"231167229","TE",0,0,NA
"PTGR1","chr9_111564157_111564262_-","chr9_111563231_111570091_-","II",111564239,0.029,0.971,0.202,0.135,0.827,1,"111563822","polyASite,pAread",432,0.03,NA
"PTPRR","chr12_70672720_70672976_-","chr12_70662605_70684127_-","II",70672845,0,1,0.05,NA,NA,NA,"70671314","pAread",641,0,NA
"PUDP","chrX_7057521_7057823_-","chrX_7050472_7077220_-","III",7057707,0.016,0.984,0.017,0.068,0.679,1,"7057586","TE",NA,NA,606
"PUS1","chr12_131934644_131935037_+","chr12_131932833_131939173_+","III",131934741,0,1,0.59,NA,NA,NA,"131934928","TE",NA,NA,203
"PUS1","chr12_131934644_131935078_+","chr12_131932833_131939173_+","III",131934741,0,1,0.59,NA,NA,NA,"131934928","TE",NA,NA,127
"PUS1","chr12_131934644_131935119_+","chr12_131932833_131939173_+","III",131934741,0,1,0.59,NA,NA,NA,"131934928","TE",NA,NA,122
"PUS1","chr12_131934644_131935160_+","chr12_131932833_131939173_+","III",131934741,0,1,0.59,NA,NA,NA,"131934928","TE",NA,NA,120
"PUS1","chr12_131934644_131935201_+","chr12_131932833_131939173_+","III",131934741,0,1,0.59,NA,NA,NA,"131934928","TE",NA,NA,120
"PWWP2A","chr5_160089506_160089610_-","chr5_160080770_160093101_-","II",160089585,0.275,0.222,0.39,-0.287,0.021,0.064,"160085003","polyASite,pAread",98,0.038,NA
"RABGAP1L","chr1_174877392_174877605_+","chr1_174811960_174957457_+","II",174877424,0,1,0,NA,NA,NA,"174953056","pAread",52,0,NA
"RAC2","chr22_37227768_37227943_-","chr22_37226803_37231231_-","III",37227906,0.089,0.911,0.011,0.14,0.827,1,"37227768","TE",NA,NA,9998
"RAF1","chr3_12599113_12599225_-","chr3_12591792_12599691_-","II",12599185,0,1,0.016,NA,NA,NA,"12595877","pAread",117,0,NA
"RANBP17","chr5_170983065_170983245_+","chr5_170968377_171028872_+","I",170983097,0.263,0.599,0.251,0.033,0.544,0.874,"170984378","TE,polyASite,pAread",92,0.167,NA
"RAP1A","chr1_111706663_111706777_+","chr1_111704486_111709149_+","II",111706674,0.04,0.96,0.157,0.091,0.737,1,"111707398","polyASite,pAread",94,0.055,NA
"RAPGEF4","chr2_173036946_173037077_+","chr2_173036692_173048600_+","II",173036975,0.256,0.744,0.041,-0.39,0.006,0.025,"173037205","polyASite,pAread",442,0.001,NA
"RAPH1","chr2_203441823_203442080_-","chr2_203441413_203444868_-","III",203442078,0.24,0.529,0.405,0.428,0.966,1,"203441469","TE",NA,NA,410
"RAPH1","chr2_203441823_203442673_-","chr2_203441413_203444868_-","III",203442599,0.24,0.529,0.506,-0.265,0.136,0.295,"203441469","TE",NA,NA,410
"RBPMS","chr8_30547292_30547969_+","chr8_30544624_30549500_+","III",30547423,0.298,0.014,0.075,0.373,0.996,1,"30547519","TE",NA,NA,1888
"RBX1","chr22_40955287_40955446_+","chr22_40953633_40964047_+","II",40955288,0,1,0.057,NA,NA,NA,"40955440","polyASite,pAread",388,1.68,NA
"RECK","chr9_36113679_36113871_+","chr9_36112476_36116985_+","III",36113736,0,1,0.025,NA,NA,NA,"36114616","TE",NA,NA,284
"RGR","chr10_84255137_84255394_+","chr10_84254443_84257893_+","I",84255154,0.365,0.482,0.916,-0.202,0.276,0.498,"84255711","TE",0,0,NA
"RIPOR2","chr6_24840064_24840775_-","chr6_24839599_24842862_-","III",24840704,0.678,0.322,0.492,-0.272,0.063,0.152,"24839994","TE",NA,NA,923
"RMND1","chr6_151408643_151408900_-","chr6_151405836_151417279_-","II",151408766,0.055,0.945,0.107,0.05,0.636,0.97,"151407933","polyASite,pAread",62,0.002,NA
"RNF8","chr6_37369791_37369905_+","chr6_37369218_37371512_+","III",37369820,0.286,0.714,0.097,0.076,0.702,1,"37370247","TE",NA,NA,1123
"RNMT","chr18_13759942_13760208_+","chr18_13754147_13762039_+","II",13759979,0,1,0.23,NA,NA,NA,"13760266","polyASite,pAread",3930,4.908,NA
"ROPN1","chr3_123979364_123980604_-","chr3_123976981_123991922_-","III",123980305,0,1,0.062,NA,NA,NA,"123978675","TE",NA,NA,458
"RPAP2","chr1_92357557_92358043_+","chr1_92345914_92380724_+","III",92357596,0.013,0.987,0.067,-0.142,0.16,0.331,"92357898","TE",NA,NA,115
"RPL28","chr19_55387285_55387778_+","chr19_55386693_55387930_+","III",55387289,0.03,0.97,0.007,-0.085,0.277,0.498,"55387719","TE",NA,NA,2831
"RPRD1B","chr20_38087863_38088420_+","chr20_38066256_38089726_+","III",38088003,0,1,0.011,NA,NA,NA,"38089630","TE",NA,NA,3769
"RPS24","chr10_78040615_78040747_+","chr10_78037304_78054531_+","III",78040626,0.006,0,0.026,-0.303,0.016,0.052,"78040697","TE",NA,NA,1989
"RUFY1","chr5_179608285_179608465_+","chr5_179607659_179609376_+","II",179608389,0,1,0.168,NA,NA,NA,"179608640","pAread",99,0,NA
"RUFY1","chr5_179608490_179608616_+","chr5_179607659_179609376_+","II",179608510,0,1,0.085,NA,NA,NA,"179608640","pAread",297,0,NA
"RUFY3","chr4_70796663_70796746_+","chr4_70794894_70800141_+","III",70796689,0,1,0.094,NA,NA,NA,"70796940","TE",NA,NA,8778
"RUNDC3A","chr17_44317485_44317938_+","chr17_44316725_44318096_+","III",44317504,0.343,0.657,0.649,-0.715,0,0.001,"44317861","TE",NA,NA,16380
"RUNX2","chr6_45492881_45492962_+","chr6_45492114_45512246_+","III",45492900,0,1,0.471,NA,NA,NA,"45493860","TE",NA,NA,334
"RUNX2","chr6_45513450_45513653_+","chr6_45512407_45663115_+","I",45513475,0.145,0.206,0,NA,NA,NA,"45551055","TE,polyASite,pAread",25033,3.147,NA
"SARDH","chr9_133663652_133664014_-","chr9_133663525_133666735_-","I",133663889,0.245,0.09,0.061,-0.504,0.014,0.048,"133663540","TE,polyASite,pAread",3236,4.311,NA
"SCARA3","chr8_27676569_27676673_+","chr8_27659539_27698192_+","I",27676600,0.042,0.02,0.06,-0.113,0.227,0.423,"27676739","TE,polyASite,pAread",4742,2.685,NA
"SCIMP","chr17_5214579_5214836_-","chr17_5210955_5214925_-","III",5214727,0,1,0.138,NA,NA,NA,"5213009","TE",NA,NA,238
"SCUBE2","chr11_9022412_9024413_-","chr11_9021955_9025702_-","III",9024406,0.059,0.941,0.17,0.089,0.719,1,"9021983,9021984","TE",NA,NA,974
"SEC23A","chr14_39037466_39037608_-","chr14_39033328_39039031_-","III",39037570,0.158,0.842,0.017,0.232,0.949,1,"39037452,39037466","TE",NA,NA,1201
"SEC23A","chr14_39037470_39037608_-","chr14_39033328_39039031_-","III",39037570,0.158,0.842,0.017,0.232,0.949,1,"39037452,39037466","TE",NA,NA,1800
"SEM1","chr7_96656457_96656585_-","chr7_96506698_96694798_-","I",96656579,0,0,0,NA,NA,NA,"96621657","TE,polyASite,pAread",2055,0.848,NA
"SEMA4D","chr9_89377502_89379629_-","chr9_89377051_89381055_-","III",89378704,0.924,0.076,0.964,-0.819,0,0,"89377235","TE",NA,NA,649
"SERINC5","chr5_80116138_80116323_-","chr5_80113625_80146090_-","II",80116308,0.512,0.055,0.425,0.1,0.608,0.943,"80114202","pAread",99,0,NA
"SERP2","chr13_44390357_44390578_+","chr13_44379713_44397272_+","II",44390454,0.001,0.999,0.95,0.261,0.955,1,"44391086","polyASite,pAread",2084,0.213,NA
"SETD4","chr21_36043401_36043651_-","chr21_36041888_36043782_-","II",36043587,0.357,0.29,0.619,0.412,0.999,1,"36043582","polyASite,pAread",1204,0.179,NA
"SGSH","chr17_80209402_80211011_-","chr17_80207685_80212071_-","I",80210452,0.469,0.065,0.047,-0.574,0,0,"80209250","TE,polyASite,pAread",15957,15.722,NA
"SHCBP1","chr16_46597621_46598347_-","chr16_46595670_46599831_-","III",46598286,0.001,0.999,0.295,NA,NA,NA,"46597359","TE",NA,NA,285
"SHE","chr1_154483889_154484335_-","chr1_154470362_154485943_-","III",154484149,0.283,0.717,0.365,0.042,0.6,0.939,"154479481","TE",NA,NA,231
"SIKE1","chr1_114778932_114779050_-","chr1_114776459_114779142_-","II",114779018,0.361,0.639,0.151,-0.385,0.003,0.012,"114776536","polyASite,pAread",96,0.01,NA
"SIRPB1","chr20_1566354_1566487_-","chr20_1566267_1570805_-","III",1566480,0,1,0.385,NA,NA,NA,"1566397","TE",NA,NA,13619
"SKP2","chr5_36178598_36178810_+","chr5_36177292_36183840_+","I",36178613,0.154,0.846,0.828,0.222,0.923,1,"36179131","TE",0,0,NA
"SLC13A5","chr17_6687541_6687836_-","chr17_6686338_6690779_-","III",6687777,0.219,0.781,0.287,-0.238,0.206,0.401,"6687353","TE",NA,NA,128
"SLC15A4","chr12_128798811_128799034_-","chr12_128794356_128799259_-","III",128798880,0.06,0.94,0.031,-0.231,0.051,0.129,"128798118","TE",NA,NA,1556
"SLC15A4","chr12_128798811_128799064_-","chr12_128794356_128799259_-","III",128798880,0.06,0.94,0.077,-0.233,0.05,0.129,"128798118","TE",NA,NA,1556
"SLC22A4","chr5_132302441_132302628_+","chr5_132295009_132312161_+","III",132302506,0,1,0.333,NA,NA,NA,"132306384","TE",NA,NA,411
"SLC22A7","chr6_43303085_43303879_+","chr6_43302763_43304038_+","III",43303271,0,1,0.333,NA,NA,NA,"43304031","TE",NA,NA,315
"SLC25A43","chrX_119426182_119426354_+","chrX_119410362_119452009_+","II",119426262,0.157,0.843,0.126,0.102,0.75,1,"119431555","pAread",241,0,NA
"SLC2A13","chr12_39822629_39822718_-","chr12_39764858_39830103_-","II",39822712,0,1,0.026,NA,NA,NA,"39812832","pAread",803,0,NA
"SLC38A6","chr14_61052349_61052985_+","chr14_61052135_61078830_+","I",61052429,0.369,0.631,0.411,0.124,0.805,1,"61052616","TE,polyASite,pAread",6093,0.195,NA
"SLC66A2","chr18_79915387_79916479_-","chr18_79904183_79919184_-","II",79916431,0,1,0.162,NA,NA,NA,"79907323","pAread",1840,0,NA
"SLCO2A1","chr3_133936015_133936326_-","chr3_133935897_133938429_-","III",133936253,0,1,0.037,NA,NA,NA,"133935906","TE",NA,NA,334
"SLCO2A1","chr3_133936028_133936326_-","chr3_133935897_133938429_-","III",133936253,0,1,0.037,NA,NA,NA,"133935906","TE",NA,NA,24652
"SLCO2A1","chr3_133936148_133936326_-","chr3_133935897_133938429_-","III",133936253,0,1,0.037,NA,NA,NA,"133935906","TE",NA,NA,1975
"SMAD6","chr15_66717009_66717140_+","chr15_66716498_66780997_+","II",66717073,0.14,0.86,0,-0.183,0.101,0.232,"66756254","pAread",56,0,NA
"SMN1","chr5_70946707_70946815_+","chr5_70946176_70951941_+","III",70946757,0,1,0.03,NA,NA,NA,"70946924","TE",NA,NA,2579
"SMN2","chr5_70071282_70071390_+","chr5_70070751_70076521_+","III",70071332,0,1,0.161,NA,NA,NA,"70071499","TE",NA,NA,844
"SNAP47","chr1_227775789_227776725_+","chr1_227767083_227780527_+","III",227775881,0,1,0.007,NA,NA,NA,"227776970","TE",NA,NA,110
"SP110","chr2_230176193_230176724_-","chr2_230172959_230177538_-","III",230176665,0.151,0.108,0.214,-0.73,0,0,"230176475","TE",NA,NA,746
"SPATA17","chr1_217652253_217656512_+","chr1_217651178_217669033_+","III",217652564,0.12,0.806,0.103,-1,NA,NA,"217656641","TE",NA,NA,219
"SPATA17","chr1_217656356_217656512_+","chr1_217651178_217669033_+","III",217656373,0.12,0.806,0.028,1,NA,NA,"217656670","TE",NA,NA,219
"SPATA33","chr16_89660540_89661111_+","chr16_89658421_89669286_+","III",89660550,0.245,0.755,0.528,-0.148,0.157,0.328,"89661508","TE",NA,NA,409
"SPG7","chr16_89545872_89546181_+","chr16_89544772_89546658_+","II",89545958,0.115,0.885,0.346,0.301,0.984,1,"89546581","pAread",357,0,NA
"SPRYD7","chr13_49916564_49918221_-","chr13_49915160_49921478_-","III",49918178,0.239,0.761,0.064,-0.236,0.048,0.125,"49915737","TE",NA,NA,687
"SPRYD7","chr13_49917336_49918221_-","chr13_49915160_49921478_-","III",49918178,0.239,0.761,0.064,-0.236,0.048,0.125,"49915737,49917103","TE",NA,NA,604
"SPRYD7","chr13_49918093_49918221_-","chr13_49915160_49921478_-","III",49918178,0.239,0.761,0.064,-0.236,0.048,0.125,"49915737,49917103","TE",NA,NA,13964
"SRGAP2","chr1_206454144_206454617_+","chr1_206453380_206454878_+","III",206454156,0,1,0.596,NA,NA,NA,"206454700","TE",NA,NA,101
"SSR1","chr6_7287862_7287922_-","chr6_7269154_7289868_-","I",7287913,0.609,0.01,0.443,0.351,0.994,1,"7281109","TE,polyASite,pAread",149937,238.3,NA
"ST3GAL3","chr1_43858135_43858308_+","chr1_43838311_43894383_+","II",43858198,0.145,0.855,0.159,-0.156,0.137,0.295,"43862770","pAread",165,0,NA
"ST7L","chr1_112540779_112540872_-","chr1_112526111_112541951_-","I",112540834,0.147,0.853,0.384,0.481,1,1,"112540787","TE,polyASite,pAread",700,1.281,NA
"STARD4","chr5_111500267_111500470_-","chr5_111500106_111501002_-","III",111500454,0.231,0.769,0.092,-0.198,0.098,0.227,"111500297","TE",NA,NA,17731
"STAT4","chr2_191038805_191038961_-","chr2_191036299_191039199_-","III",191038893,0.134,0.859,0.054,0.137,0.738,1,"191038831","TE",NA,NA,1697
"STK24","chr13_98456130_98456560_-","chr13_98453209_98457168_-","III",98456464,0.08,0.92,0.019,-0.141,0.161,0.331,"98455982","TE",NA,NA,1293
"STK3","chr8_98594861_98595750_-","chr8_98579789_98596032_-","II",98595667,0,1,0.141,NA,NA,NA,"98595293","pAread",136,0,NA
"STX18","chr4_4419950_4420129_-","chr4_4416163_4420864_-","III",4420034,0.184,0.016,0.005,-0.152,0.144,0.309,"4418968","TE",NA,NA,269
"STXBP5L","chr3_121294724_121296614_+","chr3_121279956_121318475_+","III",121294854,0.416,0.584,0.23,0.108,0.591,0.93,"121307789","TE",NA,NA,108
"STXBP5L","chr3_121294724_121296614_+","chr3_121282337_121318475_+","I",121294854,0,1,0.25,NA,NA,NA,"121307789","TE",0,0,NA
"STYXL1","chr7_75998981_75999134_-","chr7_75996599_76000890_-","III",75999096,0,1,0.008,NA,NA,NA,"75998545","TE",NA,NA,786
"SULF1","chr8_69642224_69642398_+","chr8_69640841_69658505_+","II",69642296,0,1,0.006,NA,NA,NA,"69643577","pAread",349,0,NA
"SUPT3H","chr6_44950043_44950183_-","chr6_44932763_44953310_-","II",44950181,0.12,0.88,0.082,-0.125,0.196,0.384,"44937902","pAread",104,0,NA
"SUSD1","chr9_112052155_112052349_-","chr9_112041960_112058428_-","II",112052302,0,1,0.639,NA,NA,NA,"112047071","pAread",92,0,NA
"SYN2","chr3_12178359_12178991_+","chr3_12169906_12183312_+","III",12178586,0.195,0.793,0.161,-0.167,0.207,0.401,"12179398","TE",NA,NA,157
"SYNGAP1","chr6_33448789_33448868_+","chr6_33447933_33451760_+","I",33448803,0.234,0.541,0.756,-0.526,0,0,"33449167","TE",0,0,NA
"TBCK","chr4_106091321_106091745_-","chr4_106046680_106095482_-","III",106091743,0.136,0.864,0.007,0.055,0.648,0.979,"106091706","TE",NA,NA,149
"TBXAS1","chr7_139913065_139913412_+","chr7_139911321_139936191_+","III",139913187,0.223,0.747,0.058,0.012,0.527,0.851,"139914029","TE",NA,NA,3357
"TBXAS1","chr7_140016392_140016512_+","chr7_140015860_140017671_+","III",140016416,0.113,0.887,0.155,0.249,0.944,1,"140016579","TE",NA,NA,3243
"TBXAS1","chr7_140016392_140016864_+","chr7_140015860_140017671_+","III",140016416,0.113,0.887,0.155,0.249,0.944,1,"140016579","TE",NA,NA,1601
"TCERG1","chr5_146485138_146485250_+","chr5_146483629_146492920_+","II",146485152,0.026,0.974,0.001,0.065,0.675,1,"146485645","polyASite,pAread",1006,0.159,NA
"TCERG1","chr5_146510067_146510160_+","chr5_146509245_146510441_+","II",146510070,0,1,0.343,NA,NA,NA,"146510345","pAread",670,0,NA
"THAP3","chr1_6632796_6633454_+","chr1_6632495_6634020_+","I",6633077,0.314,0.033,0.022,-0.742,0,0,"6633537","TE,polyASite,pAread",13661,13.363,NA
"THAP3","chr1_6632914_6633454_+","chr1_6632495_6634020_+","III",6632922,0.314,0.033,0.52,-0.768,0,0,"6633562","TE",NA,NA,1422
"THAP6","chr4_75526960_75527598_+","chr4_75516979_75539859_+","III",75527214,0.782,0.205,0.349,-0.525,0,0.001,"75530026","TE",NA,NA,873
"THAP6","chr4_75526960_75527598_+","chr4_75521861_75539859_+","III",75527214,0.785,0.215,0.786,-0.63,0,0,"75530026","TE",NA,NA,873
"THEM6","chr8_142728961_142729490_+","chr8_142727859_142735326_+","II",142729218,0,1,0.21,NA,NA,NA,"142729206","polyASite,pAread",5169,1.128,NA
"THSD4","chr15_71766699_71766849_+","chr15_71765199_71771064_+","III",71766734,0.057,0.943,0.014,0.144,0.748,1,"71767651","TE",NA,NA,597
"TIA1","chr2_70215125_70215233_-","chr2_70214494_70215371_-","II",70215195,0.015,0.985,0.055,-0.15,0.147,0.311,"70215022","pAread",294,0,NA
"TLK1","chr2_171022872_171023129_-","chr2_171014948_171028339_-","II",171023124,0.138,0.809,0.291,0.144,0.844,1,"171017640","polyASite,pAread",263,3,NA
"TM2D3","chr15_101642410_101642644_-","chr15_101633728_101645087_-","III",101642479,0.29,0.018,0.249,-0.978,0,0,"101641848","TE",NA,NA,321
"TMCO3","chr13_113536521_113537755_+","chr13_113534240_113538760_+","I",113536613,0.98,0.02,1,0.093,0.68,1,"113536971","TE",0,0,NA
"TMED3","chr15_79314541_79314655_+","chr15_79314005_79321978_+","I",79314564,0,1,0.036,NA,NA,NA,"79315277","TE",0,0,NA
"TMEM179","chr14_104593927_104594076_-","chr14_104593658_104595165_-","III",104594014,0.075,0.925,0.279,-0.789,0,0.001,"104593665","TE",NA,NA,1441
"TMEM222","chr1_27334667_27334754_+","chr1_27334281_27335379_+","I",27334691,0.17,0.83,0.187,-0.255,0.036,0.105,"27334896","TE",0,0,NA
"TMEM41B","chr11_9286455_9286593_-","chr11_9283593_9287702_-","II",9286589,0.145,0.855,0.005,0.271,0.973,1,"9285064","pAread",115,0,NA
"TMEM45A","chr3_100570609_100571319_+","chr3_100568967_100576925_+","II",100570759,0.302,0.698,0.235,-0.422,0.002,0.007,"100570896","polyASite,pAread",702,0.607,NA
"TMTC1","chr12_29528346_29528482_-","chr12_29520720_29536209_-","III",29528447,0.149,0.851,0.158,-0.371,0.006,0.024,"29521589","TE",NA,NA,960
"TP63","chr3_189880064_189880422_+","chr3_189872995_189886394_+","III",189880178,0.74,0.26,0.867,-0.037,0.459,0.762,"189881496,189881503","TE",NA,NA,194
"TPGS2","chr18_36794224_36797050_-","chr18_36787079_36798449_-","III",36796805,0.35,0.052,0.324,-0.959,0,0,"36794108","TE",NA,NA,850
"TPM2","chr9_35682524_35683241_-","chr9_35682163_35684246_-","I",35683159,0.582,0.017,0.988,-0.892,0,0,"35682908","TE,polyASite,pAread",223630,174.638,NA
"TRABD2A","chr2_84836282_84838241_-","chr2_84832145_84839149_-","I",84838231,0,1,0.237,NA,NA,NA,"84835919","TE,polyASite,pAread",1957,2.405,NA
"TRABD2B","chr1_47765290_47766106_-","chr1_47761280_47775170_-","II",47765902,0.299,0.701,0.221,-0.2,0.125,0.277,"47765623","polyASite,pAread",621,6.875,NA
"TRAF3IP3","chr1_209779431_209779569_+","chr1_209778173_209780470_+","III",209779453,0.424,0.576,0.16,0.312,0.916,1,"209779655","TE",NA,NA,1811
"TREM1","chr6_41275084_41276230_-","chr6_41268088_41280961_-","I",41276125,0.327,0.097,0.064,-0.364,0.137,0.295,"41273595","TE,polyASite,pAread",14323,0.924,NA
"TRIM46","chr1_155180435_155180679_+","chr1_155179934_155181852_+","III",155180502,0.278,0.722,0.626,-0.397,0.051,0.129,"155180633","TE",NA,NA,211
"TRIM9","chr14_50996182_50996331_-","chr14_50986144_50998050_-","I",50996273,0.658,0.342,0.007,0.611,0.994,1,"50996063","TE,polyASite,pAread",1106,2.143,NA
"TRMT44","chr4_8475530_8476487_+","chr4_8471200_8508798_+","III",8475627,0.87,0.092,0.199,-0.612,0,0,"8476555","TE",NA,NA,695
"TRMT44","chr4_8475772_8476487_+","chr4_8471200_8508798_+","III",8476001,0.87,0.092,0.67,-0.925,0,0,"8476555","TE",NA,NA,695
"TRPC4AP","chr20_35003873_35004364_-","chr20_35003616_35004458_-","III",35004140,0.139,0.831,0.056,0.106,0.771,1,"35004057","TE",NA,NA,203275
"TSNAX","chr1_231563465_231563629_+","chr1_231561255_231564528_+","II",231563497,0.328,0.672,0.151,-0.115,0.21,0.402,"231564435","polyASite,pAread",3261,0.626,NA
"TSPAN11","chr12_30983310_30983419_+","chr12_30983150_30991856_+","I",30983348,0,1,0.074,NA,NA,NA,"30984520","TE",0,0,NA
"TTC17","chr11_43467235_43467395_+","chr11_43451265_43490239_+","II",43467252,0,1,0,NA,NA,NA,"43472873","pAread",342,0,NA
"TTC22","chr1_54784674_54785644_-","chr1_54782477_54785983_-","III",54785546,0.292,0.659,0.015,-0.187,0.215,0.408,"54784551","TE",NA,NA,111
"TUBGCP5","chr15_22995099_22995240_-","chr15_22992382_23000569_-","II",22995197,0.273,0.059,1,-0.482,0.002,0.008,"22993087","polyASite,pAread",155,0.015,NA
"TUSC3","chr8_15758030_15760208_+","chr8_15748465_15764203_+","III",15758081,0.163,0.837,0.03,-0.263,0.034,0.101,"15760667","TE",NA,NA,1118
"TXNDC8","chr9_110308813_110308947_-","chr9_110304532_110326175_-","III",110308885,0,0.328,0,NA,NA,NA,"110308498","TE",NA,NA,102
"TXNRD2","chr22_19894197_19895200_-","chr22_19883461_19895407_-","III",19895133,0,1,0.36,NA,NA,NA,"19893908","TE",NA,NA,7278
"TXNRD2","chr22_19895001_19895200_-","chr22_19883461_19895407_-","III",19895133,0,1,0.36,NA,NA,NA,"19893908","TE",NA,NA,182
"TXNRD2","chr22_19895048_19895200_-","chr22_19883461_19895407_-","III",19895133,0,1,0.36,NA,NA,NA,"19893908","TE",NA,NA,687
"TYW1","chr7_67203744_67203899_+","chr7_67195337_67238308_+","I",67203797,0.065,0.935,0.092,0.133,0.824,1,"67229791","TE,pAread",214,0,NA
"UBE2L3","chr22_21614557_21614665_+","chr22_21611043_21621515_+","II",21614612,0.212,0.629,0.228,-0.139,0.166,0.336,"21614769","polyASite,pAread",324,0.324,NA
"UBE2Q2","chr15_75887257_75889088_+","chr15_75883424_75890435_+","III",75887299,0.038,0.962,0.002,0.171,0.885,1,"75890428","TE",NA,NA,1366
"UBE2U","chr1_64244130_64245664_+","chr1_64241733_64260603_+","III",64244133,0,0.636,0.691,NA,NA,NA,"64246274","TE",NA,NA,775
"UBE2U","chr1_64244130_64245664_+","chr1_64241733_64260603_+","III",64244159,0,0.636,0.691,NA,NA,NA,"64246274","TE",NA,NA,775
"UBE2W","chr8_73795791_73795914_-","chr8_73794115_73805651_-","II",73795889,0,1,0.046,NA,NA,NA,"73794160","polyASite,pAread",70,0.015,NA
"UBE2W","chr8_73796607_73796690_-","chr8_73794115_73805651_-","II",73796674,0,1,0.074,NA,NA,NA,"73794160","polyASite,pAread",70,0.015,NA
"UFM1","chr13_38355011_38355071_+","chr13_38354296_38358093_+","II",38355013,0.061,0.939,0,NA,NA,NA,"38356746","pAread",124,0,NA
"UGGT2","chr13_95815809_95816104_-","chr13_95801812_95832927_-","III",95815941,0.09,0.519,0.098,-0.854,0,0,"95815251","TE",NA,NA,638
"UGT1A10","chr2_233769531_233769664_+","chr2_233768439_233772262_+","II",233769561,0.385,0.615,0.927,-0.65,0.005,0.021,"233770017","polyASite,pAread",2924,1.247,NA
"UGT1A6","chr2_233769531_233769664_+","chr2_233768439_233772262_+","II",233769561,0.385,0.615,0.927,-0.65,0.005,0.021,"233770017","polyASite,pAread",8772,3.74,NA
"UGT1A7","chr2_233769531_233769664_+","chr2_233768439_233772262_+","II",233769561,0.385,0.615,0.927,-0.65,0.005,0.021,"233770017","polyASite,pAread",2924,1.247,NA
"UGT3A1","chr5_35962763_35962951_-","chr5_35957419_35965386_-","III",35962874,0,1,0.32,NA,NA,NA,"35960756","TE",NA,NA,938
"UROS","chr10_125792579_125794388_-","chr10_125789528_125794880_-","III",125794377,0.278,0.026,0.758,0.348,0.993,1,"125791520","TE",NA,NA,101
"UROS","chr10_125794022_125794388_-","chr10_125789528_125794880_-","III",125794377,0.278,0.026,0.758,0.348,0.993,1,"125791520","TE",NA,NA,377
"USB1","chr16_58011018_58011565_+","chr16_58010112_58014273_+","III",58011129,0.071,0.929,0.113,-0.468,0,0.001,"58013558","TE",NA,NA,598
"USB1","chr16_58011018_58011612_+","chr16_58010112_58014273_+","III",58011129,0.071,0.929,0.113,-0.468,0,0.001,"58013558","TE",NA,NA,956
"USP44","chr12_95523306_95523598_-","chr12_95521202_95524680_-","II",95523478,0,0.951,0.002,NA,NA,NA,"95522784","pAread",228,0,NA
"UVRAG","chr11_76012927_76013102_+","chr11_76008867_76016815_+","II",76012976,0.051,0.949,0.029,-0.014,0.463,0.764,"76015619","pAread",89,0,NA
"UVRAG","chr11_76123179_76123441_+","chr11_76116015_76140711_+","II",76123350,0,1,0,NA,NA,NA,"76137750","pAread",487,0,NA
"VIPAS39","chr14_77430035_77430169_-","chr14_77429767_77433842_-","III",77430119,0,1,0.014,NA,NA,NA,"77429774","TE",NA,NA,386
"VNN2","chr6_132749041_132749366_-","chr6_132744491_132749695_-","III",132749358,0.02,0.98,0.057,0.14,0.698,1,"132749043","TE",NA,NA,129
"VPS13A","chr9_77390046_77390142_+","chr9_77382087_77403236_+","II",77390063,0.658,0.24,0.051,0.547,1,1,"77399198","pAread",1410,0,NA
"VPS45","chr1_150098850_150099080_+","chr1_150093648_150110496_+","II",150098868,0,1,0.187,NA,NA,NA,"150099136","polyASite,pAread",864,0.179,NA
"VRK3","chr19_49981818_49982188_-","chr19_49981013_49988372_-","I",49982167,0.56,0.39,0.308,-0.278,0.024,0.074,"49981679","TE,polyASite,pAread",20964,0.036,NA
"VSX1","chr20_25073604_25076550_-","chr20_25072643_25077685_-","I",25076261,0,1,0.746,NA,NA,NA,"25075452","TE,polyASite,pAread",168,0.361,NA
"WASHC3","chr12_102019277_102019371_-","chr12_102017805_102025974_-","III",102019362,0.159,0.022,0.708,0.622,1,1,"102019277","TE",NA,NA,2733
"WASHC3","chr12_102019285_102019371_-","chr12_102017805_102025974_-","III",102019362,0.159,0.022,0.708,0.622,1,1,"102019277","TE",NA,NA,359
"WDPCP","chr2_63209423_63209656_-","chr2_63174832_63259311_-","III",63209639,0,1,0.214,NA,NA,NA,"63209576","TE",NA,NA,672
"WDPCP","chr2_63209423_63209656_-","chr2_63174832_63259307_-","II",63209550,0,1,0.042,NA,NA,NA,"63194782","polyASite,pAread",51,0.003,NA
"WDR20","chr14_102208862_102209862_+","chr14_102197847_102212520_+","III",102208876,0,0.139,0,NA,NA,NA,"102210527","TE",NA,NA,357
"WDSUB1","chr2_159241071_159241876_-","chr2_159236190_159248372_-","III",159241863,0,1,0.021,NA,NA,NA,"159240360","TE",NA,NA,2118
"WDSUB1","chr2_159241685_159241876_-","chr2_159236190_159248372_-","III",159241863,0,1,0.021,NA,NA,NA,"159240360","TE",NA,NA,183
"WTAP","chr6_159748590_159748934_+","chr6_159748369_159753460_+","III",159748650,0.604,0.396,0.543,-0.286,0.021,0.065,"159749419","TE",NA,NA,5960
"WTIP","chr19_34498562_34498717_+","chr19_34495771_34500129_+","III",34498564,0.208,0.792,0.201,0.136,0.828,1,"34498694","TE",NA,NA,936
"ZBP1","chr20_57606813_57607300_-","chr20_57604769_57610149_-","II",57607053,0,1,0.481,NA,NA,NA,"57606750","pAread",105,0,NA
"ZDHHC21","chr9_14622541_14622691_-","chr9_14619682_14639896_-","II",14622650,0.157,0.843,0.414,0.151,0.85,1,"14620421","pAread",702,0,NA
"ZKSCAN7","chr3_44577305_44577460_+","chr3_44568433_44582972_+","III",44577372,0.526,0.242,0.832,0.4,0.792,1,"44581652","TE",NA,NA,101
"ZKSCAN7","chr3_44577305_44578289_+","chr3_44568433_44582972_+","III",44577372,0.526,0.242,0.832,0.4,0.792,1,"44581652","TE",NA,NA,225
"ZKSCAN7","chr3_44577305_44581621_+","chr3_44568433_44582972_+","III",44577372,0.526,0.242,0.832,0.4,0.792,1,"44581652","TE",NA,NA,200
"ZNF320","chr19_52880446_52881983_-","chr19_52874072_52888127_-","III",52880596,0.359,0.204,0.13,-0.655,0.001,0.003,"52876172,52876180,52880223","TE",NA,NA,157
"ZNF880","chr19_52379421_52379679_+","chr19_52374427_52383849_+","III",52379530,0.342,0.205,0.352,-0.794,0,0,"52380075","TE",NA,NA,129
